﻿<?xml version="1.0" encoding="utf-8"?>
<Reader>
<Menus>
<menu id="128">
<popup id="|0" text="&amp;Файл">
<menuitem id="57601" text="&amp;Открыть...\tCtrl+O"/>
<menuitem id="33111" text="&amp;Преобразовать PDF..."/>
<menuitem id="57602" text="&amp;Закрыть\tCtrl+W"/>
<menuitem id="57603" text="Сохранить\tCtrl+S"/>
<menuitem id="32932" text="Сохранить как...\tCtrl+Shift+S"/>
<menuitem id="57607" text="&amp;Печать...\tCtrl+P"/>
<menuitem id="57606" text="&amp;Настройка печати..."/>
<menuitem id="57616" text="Недавний файл"/>
<menuitem id="32776" text="&amp;Свойства..."/>
<menuitem id="57665" text="Выход\tCtrl+Q"/>
</popup>
<popup id="|1" text="&amp;Правка">
<menuitem id="33112" text="&amp;Правка содержимого..."/>
<menuitem id="57634" text="&amp;Копировать\tCtrl+C"/>
<menuitem id="57636" text="&amp;Найти текст...\tCtrl+F"/>
<menuitem id="32903" text="Найти далее\tF3"/>
<menuitem id="32985" text="&amp;Настройки...\tCtrl+K"/>
</popup>
<popup id="|2" text="&amp;Вид">
<menuitem id="32782" text="&amp;Закладка\tAlt+1"/>
<menuitem id="32783" text="&amp;Полноэкранный режим\tAlt+2"/>
<menuitem id="32787" text="Увеличить\tCtrl+Num +"/>
<menuitem id="32788" text="Уменьшить\tCtrl+Num -"/>
<menuitem id="32789" text="Указать...\tCtrl+M"/>
<menuitem id="32790" text="Исходный размер\tCtrl+1"/>
<menuitem id="32791" text="Страница целиком\tCtrl+2"/>
<menuitem id="32792" text="По ширине страницы\tCtrl+3"/>
<popup id="|2|12" text="&amp;Макет страницы">
<menuitem id="32925" text="&amp;Одна страница"/>
<menuitem id="32926" text="&amp;Непрерывный"/>
<menuitem id="32938" text="&amp;Книжный"/>
<menuitem id="32939" text="&amp;Книжный непрерывный"/>
</popup>
<popup id="|2|14" text="&amp;Поворот">
<menuitem id="32935" text="По часовой стрелке\tShift+Ctrl+Plus"/>
<menuitem id="32941" text="Против часовой стрелки\tShift+Ctrl+Minus"/>
</popup>
<menuitem id="32942" text="&amp;Поменять местами"/>
<menuitem id="32930" text="&amp;Рекламное объявление"/>
<menuitem id="33134" text="Hide Document &amp;Message Bar"/>
<popup id="|2|22" text="&amp;Панели инструментов">
<menuitem id="33043" text="&amp;Файл"/>
<menuitem id="33044" text="&amp;Навигация"/>
<menuitem id="33045" text="&amp;Поворот"/>
<menuitem id="33046" text="&amp;Масштаб"/>
<menuitem id="33042" text="&amp;Стандартная"/>
<menuitem id="33104" text="&amp;Справка"/>
<menuitem id="33065" text="&amp;Просмотр текста"/>
<menuitem id="33048" text="&amp;Сброс панелей\tAlt+F8"/>
<menuitem id="33049" text="&amp;Пристыковать все панели\tCtrl+F8"/>
<menuitem id="33053" text="Скрыть панели\tF8"/>
</popup>
<menuitem id="32898" text="&amp;Строка меню"/>
<menuitem id="59393" text="&amp;Строка состояния"/>
</popup>
<popup id="|3" text="&amp;Язык">
<menuitem id="40801" text="&amp;По умолчанию"/>
</popup>
<popup id="|4" text="&amp;Документ">
<menuitem id="32777" text="Первая страница\tHome"/>
<menuitem id="32778" text="&amp;Предыдущая страница\tLeft Arrow"/>
<menuitem id="32779" text="&amp;Следующая страница\tRight Arrow"/>
<menuitem id="32780" text="&amp;Последняя страница\tEnd"/>
<menuitem id="33097" text="Предыдущий вид\tAlt+Left Arrow "/>
<menuitem id="33098" text="Следующий вид\tAlt+Right Arrow"/>
<menuitem id="32781" text="Перейти к странице...\tShift+Ctrl+N"/>
</popup>
<popup id="|5" text="&amp;Сервис">
<menuitem id="32784" text="Перелистывание\tAlt+3"/>
<menuitem id="32785" text="Уменьшение масштаба\tAlt+4"/>
<menuitem id="32786" text="Увеличение масштаба\tAlt+5"/>
<menuitem id="32977" text="Выделение текста\tAlt+6"/>
<menuitem id="32987" text="Снимок\tAlt+7"/>
<menuitem id="32793" text="Просмотр текста\tAlt+9"/>
</popup>
<popup id="|6" text="&amp;Advanced">
<popup id="|6|0" text="&amp;Comments Utilities">
<popup id="|6|0|0" text="&amp;Export comments data">
<menuitem id="33137" text="To &amp;form data file (FDF) ..."/>
<menuitem id="33138" text="To &amp;E-mail address ..."/>
</popup>
<menuitem id="33139" text="&amp;Import comments data ..."/>
</popup>
<menuitem id="33118" text="JavaScript &amp;Console..."/>
<menuitem id="33117" text="&amp;Document Javascript..."/>
<popup id="|6|5" text="&amp;Form Utilities">
<popup id="|6|5|0" text="&amp;Export form data">
<menuitem id="33132" text="To &amp;form data file (FDF) ..."/>
<menuitem id="33133" text="To &amp;E-mail address ..."/>
</popup>
<menuitem id="33120" text="&amp;Import form data ..."/>
<menuitem id="33121" text="&amp;Reset form ..."/>
<menuitem id="33122" text="Set calculation order ..."/>
<menuitem id="33135" text="Always &amp;Hide Document Message Bar"/>
</popup>
</popup>
<popup id="|7" text="&amp;Окно">
<menuitem id="57648" text="&amp;Новое окно"/>
<menuitem id="57650" text="&amp;Каскадом"/>
<menuitem id="57651" text="&amp;Плиткой"/>
<menuitem id="57649" text="&amp;Упорядочить значки"/>
<menuitem id="57602" text="&amp;Закрыть"/>
<menuitem id="32795" text="Закрыть все\tCtrl+Shift+W"/>
</popup>
<popup id="|8" text="&amp;Справка">
<menuitem id="32969" text="&amp;Связать с PDF-файлами"/>
<menuitem id="33116" text="Check for Updates Now..."/>
<menuitem id="33136" text="Install Update..."/>
<menuitem id="32774" text="&amp;Веб-страница Foxit Software"/>
<menuitem id="57664" text="&amp;О программе Foxit Reader..."/>
</popup>
</menu>
<menu id="159">
<popup id="|0" text="Панели">
<menuitem id="33043" text="&amp;Файл"/>
<menuitem id="33044" text="&amp;Навигация"/>
<menuitem id="33045" text="&amp;Поворот"/>
<menuitem id="33046" text="&amp;Масштаб"/>
<menuitem id="33042" text="&amp;Стандартная"/>
<menuitem id="33104" text="&amp;Справка"/>
<menuitem id="33065" text="&amp;Просмотр текста"/>
<menuitem id="33048" text="&amp;Сброс панелей\tAlt+F8"/>
<menuitem id="33049" text="&amp;Пристыковать все панели\tCtrl+F8"/>
<menuitem id="33053" text="Скрыть панели\tF8"/>
<menuitem id="32930" text="&amp;Рекламное объявление"/>
<menuitem id="33134" text="Hide Document &amp;Message Bar"/>
<menuitem id="32898" text="&amp;Строка меню"/>
<menuitem id="59393" text="&amp;Панель состояния"/>
</popup>
</menu>
<menu id="164">
<popup id="|0" text="Справка">
<menuitem id="32969" text="&amp;Связать с PDF-файлами"/>
<menuitem id="33116" text="Check for Updates Now..."/>
<menuitem id="32774" text="&amp;Веб-страница Foxit Software"/>
<menuitem id="57664" text="&amp;О программе Foxit Reader..."/>
</popup>
</menu>
<menu id="266">
<popup id="|0" text="Выделение текста">
<menuitem id="57634" text="&amp;Копировать\tCtrl+C"/>
</popup>
</menu>
<menu id="245">
<popup id="|0" text="&amp;Вид">
<menuitem id="32782" text="&amp;Закладка\tAlt+1"/>
<popup id="|0|2" text="&amp;Инструмент">
<menuitem id="32784" text="&amp;Перелистывание\tAlt+3"/>
<menuitem id="32785" text="Уменьшить\tAlt+4"/>
<menuitem id="32786" text="Увеличить\tAlt+5"/>
<menuitem id="32977" text="&amp;Выделение текста\tAlt+6"/>
<menuitem id="32987" text="&amp;Снимок\tAlt+7"/>
</popup>
<menuitem id="32930" text="&amp;Рекламное объявление"/>
<menuitem id="32787" text="&amp;Увеличить\tCtrl+Num +"/>
<menuitem id="32788" text="&amp;Уменьшить\tCtrl+Num -"/>
<menuitem id="32789" text="&amp;Указать...\tCtrl+M"/>
<menuitem id="32790" text="&amp;Исходный размер\tCtrl+1"/>
<menuitem id="32791" text="&amp;Страница целиком\tCtrl+2"/>
<menuitem id="32792" text="&amp;По ширине страницы\tCtrl+3"/>
<popup id="|0|14" text="&amp;Макет страницы">
<menuitem id="32925" text="&amp;Одна страница"/>
<menuitem id="32926" text="&amp;Непрерывный"/>
<menuitem id="32938" text="&amp;Книжный"/>
<menuitem id="32939" text="&amp;Книжный непрерывный"/>
</popup>
<popup id="|0|16" text="&amp;Поворот">
<menuitem id="32935" text="&amp;По часовой стрелке\tShift+Ctrl+Plus"/>
<menuitem id="32941" text="&amp;Против часовой стрелки\tShift+Ctrl+Minus"/>
</popup>
<menuitem id="32942" text="&amp;Поменять местами"/>
</popup>
</menu>
<menu id="623">
<popup id="|0" text="Просмотр текста">
<menuitem id="57643" text="&amp;Отменить\tCtrl+Z"/>
<menuitem id="57635" text="Вырезать\tCtrl+X"/>
<menuitem id="57634" text="&amp;Копировать\tCtrl+C"/>
<menuitem id="57637" text="&amp;Вставить\tCtrl+V"/>
<menuitem id="32901" text="&amp;Очистить\tDel"/>
<menuitem id="57636" text="&amp;Найти...\tCtrl+F"/>
<menuitem id="32903" text="Найти далее...\tF3"/>
<menuitem id="57641" text="&amp;Заменить...\tCtrl+H"/>
<menuitem id="57642" text="Выделить все\tCtrl+A"/>
</popup>
</menu>
<menu id="720">
<popup id="|0" text="Просмотр текста">
<menuitem id="57634" text="&amp;Копировать\tCtrl+C"/>
<menuitem id="57636" text="&amp;Найти...\tCtrl+F"/>
<menuitem id="32903" text="&amp;Найти далее...\tF3"/>
<menuitem id="57642" text="&amp;Выделить все\tCtrl+A"/>
</popup>
</menu>
<menu id="653">
<popup id="|0" text="Панели инструментов">
<popup id="|0|0" text="Показывать подписи кнопок">
<menuitem id="33050" text="&amp;По умолчанию"/>
<menuitem id="33051" text="&amp;Все названия"/>
<menuitem id="33052" text="&amp;Без названий"/>
</popup>
</popup>
</menu>
<menu id="163">
<popup id="|0" text="&amp;Вид">
<menuitem id="32782" text="&amp;Закладка\tAlt+1"/>
<menuitem id="32783" text="&amp;Полноэкранный режим\tAlt+2"/>
<popup id="|0|2" text="&amp;Сервис">
<menuitem id="32784" text="&amp;Перелистывание\tAlt+3"/>
<menuitem id="32785" text="&amp;Уменьшить\tAlt+4"/>
<menuitem id="32786" text="&amp;Увеличить\tAlt+5"/>
<menuitem id="32977" text="&amp;Выделение текста\tAlt+6"/>
<menuitem id="32987" text="&amp;Снимок\tAlt+7"/>
<menuitem id="32793" text="&amp;Просмотр текста\tAlt+9"/>
</popup>
<menuitem id="32787" text="&amp;Увеличить\tCtrl+Num +"/>
<menuitem id="32788" text="&amp;Уменьшить\tCtrl+Num -"/>
<menuitem id="32789" text="&amp;Указать...\tCtrl+M"/>
<menuitem id="32790" text="&amp;Исходный размер\tCtrl+1"/>
<menuitem id="32791" text="&amp;Страница целиком\tCtrl+2"/>
<menuitem id="32792" text="&amp;По ширине страницы\tCtrl+3"/>
<popup id="|0|12" text="&amp;Макет страницы">
<menuitem id="32925" text="&amp;Одна страница"/>
<menuitem id="32926" text="&amp;Непрерывный"/>
<menuitem id="32938" text="&amp;Книжный"/>
<menuitem id="32939" text="&amp;Книжный непрерывный"/>
</popup>
<popup id="|0|14" text="&amp;Поворот">
<menuitem id="32935" text="&amp;По часовой стрелке\tShift+Ctrl+Plus"/>
<menuitem id="32941" text="&amp;Против часовой стрелки\tShift+Ctrl+Minus"/>
</popup>
<menuitem id="32942" text="&amp;Поменять местами"/>
<menuitem id="32930" text="&amp;Рекламное объявление"/>
<popup id="|0|20" text="&amp;Панели инструментов">
<menuitem id="33043" text="&amp;Файл"/>
<menuitem id="33044" text="&amp;Навигация"/>
<menuitem id="33045" text="&amp;Поворот"/>
<menuitem id="33046" text="&amp;Масштаб"/>
<menuitem id="33042" text="&amp;Стандартная"/>
<menuitem id="33104" text="&amp;Справка"/>
<menuitem id="33065" text="&amp;Просмотр текста"/>
<menuitem id="33048" text="&amp;Сброс панелей\tAlt+F8"/>
<menuitem id="33049" text="&amp;Пристыковать все панели\tCtrl+F8"/>
<menuitem id="33053" text="Скрыть панели\tF8"/>
</popup>
<menuitem id="59393" text="&amp;Строка состояния"/>
<menuitem id="32898" text="&amp;Строка меню"/>
</popup>
</menu>
<menu id="160">
<popup id="|0" text="Увеличить">
<menuitem id="32865" text="%1600"/>
<menuitem id="32866" text="%800"/>
<menuitem id="32867" text="%400"/>
<menuitem id="32868" text="%200"/>
<menuitem id="32869" text="%150"/>
<menuitem id="32870" text="%125"/>
<menuitem id="32871" text="%100"/>
</popup>
</menu>
<menu id="161">
<popup id="|0" text="Уменьшить">
<menuitem id="32871" text="%100"/>
<menuitem id="32873" text="%50"/>
<menuitem id="32874" text="%25"/>
<menuitem id="32875" text="%12.5"/>
<menuitem id="32876" text="%8.33"/>
</popup>
</menu>
<menu id="129">
<popup id="|1" text="&amp;Файл">
<menuitem id="57601" text="&amp;Открыть...\tCtrl+O"/>
<menuitem id="33111" text="&amp;Преобразовать PDF..."/>
<menuitem id="57602" text="&amp;Закрыть\tCtrl+W"/>
<menuitem id="57603" text="Сохранить\tCtrl+S"/>
<menuitem id="32932" text="&amp;Сохранить как...\tCtrl+Shift+S"/>
<menuitem id="57607" text="&amp;Печать...\tCtrl+P"/>
<menuitem id="57606" text="&amp;Настройка печати..."/>
<menuitem id="57616" text="Недавний файл"/>
<menuitem id="32776" text="&amp;Свойства..."/>
<menuitem id="57665" text="&amp;Выход\tCtrl+Q"/>
</popup>
<popup id="|2" text="&amp;Правка">
<menuitem id="33112" text="&amp;Правка содержимого..."/>
<menuitem id="57634" text="&amp;Копировать\tCtrl+C"/>
<menuitem id="57636" text="&amp;Найти текст...\tCtrl+F"/>
<menuitem id="32903" text="&amp;Найти далее\tF3"/>
<menuitem id="32985" text="&amp;Настройки...\tCtrl+K"/>
</popup>
<popup id="|3" text="&amp;Вид">
<menuitem id="32782" text="&amp;Закладка\tAlt+1"/>
<menuitem id="32783" text="&amp;Полноэкранный режим\tAlt+2"/>
<menuitem id="32787" text="&amp;Увеличить\tCtrl+Num +"/>
<menuitem id="32788" text="&amp;Уменьшить\tCtrl+Num -"/>
<menuitem id="32789" text="&amp;Указать...\tCtrl+M"/>
<menuitem id="32790" text="&amp;Исходный размер\tCtrl+1"/>
<menuitem id="32791" text="&amp;Страница целиком\tCtrl+2"/>
<menuitem id="32792" text="&amp;По ширине страницы\tCtrl+3"/>
<popup id="|3|12" text="&amp;Макет страницы">
<menuitem id="32925" text="&amp;Одна страница"/>
<menuitem id="32926" text="&amp;Непрерывный"/>
<menuitem id="32938" text="&amp;Книжный"/>
<menuitem id="32939" text="&amp;Книжный непрерывный"/>
</popup>
<popup id="|3|14" text="&amp;Поворот">
<menuitem id="32935" text="&amp;По часовой стрелке\tShift+Ctrl+Plus"/>
<menuitem id="32941" text="&amp;Против часовой стрелки\tShift+Ctrl+Minus"/>
</popup>
<menuitem id="32942" text="&amp;Поменять местами"/>
<menuitem id="32930" text="&amp;Рекламное объявление"/>
<menuitem id="33134" text="Hide Document &amp;Message Bar"/>
<popup id="|3|22" text="&amp;Панели инструментов">
<menuitem id="33043" text="&amp;Файл"/>
<menuitem id="33044" text="&amp;Навигация"/>
<menuitem id="33045" text="&amp;Поворот"/>
<menuitem id="33046" text="&amp;Масштаб"/>
<menuitem id="33042" text="&amp;Стандартная"/>
<menuitem id="33104" text="&amp;Справка"/>
<menuitem id="33065" text="&amp;Просмотр текста"/>
<menuitem id="33048" text="&amp;Сброс панелей\tAlt+F8"/>
<menuitem id="33049" text="&amp;Пристыковать все панели\tCtrl+F8"/>
<menuitem id="33053" text="Скрыть панели\tF8"/>
</popup>
<menuitem id="32898" text="&amp;Строка меню"/>
<menuitem id="59393" text="&amp;Строка состояния"/>
</popup>
<popup id="|4" text="&amp;Язык">
<menuitem id="40801" text="&amp;По умолчанию"/>
</popup>
<popup id="|5" text="&amp;Документ">
<menuitem id="32777" text="&amp;Первая страница\tHome"/>
<menuitem id="32778" text="&amp;Предыдущая страница\tLeft Arrow"/>
<menuitem id="32779" text="&amp;Следующая страница\tRight Arrow"/>
<menuitem id="32780" text="&amp;Последняя страница\tEnd"/>
<menuitem id="33097" text="&amp;Предыдущий вид\tAlt+Left Arrow "/>
<menuitem id="33098" text="&amp;Следующий вид\tAlt+Right Arrow"/>
<menuitem id="32781" text="&amp;Перейти к странице...\tShift+Ctrl+N"/>
</popup>
<popup id="|6" text="&amp;Сервис">
<menuitem id="32784" text="&amp;Перелистывание\tAlt+3"/>
<menuitem id="32785" text="&amp;Уменьшение масштаба\tAlt+4"/>
<menuitem id="32786" text="&amp;Увеличение масштаба\tAlt+5"/>
<menuitem id="32977" text="&amp;Выделение текста\tAlt+6"/>
<menuitem id="32987" text="&amp;Снимок\tAlt+7"/>
<menuitem id="32793" text="&amp;Просмотр текста\tAlt+9"/>
</popup>
<popup id="|7" text="&amp;Advanced">
<popup id="|7|0" text="&amp;Comments Utilities">
<popup id="|7|0|0" text="&amp;Export comments data">
<menuitem id="33137" text="To &amp;form data file (FDF) ..."/>
<menuitem id="33138" text="To &amp;E-mail address ..."/>
</popup>
<menuitem id="33139" text="&amp;Import comments data ..."/>
</popup>
<menuitem id="33118" text="JavaScript &amp;Console..."/>
<menuitem id="33117" text="Document Javascript..."/>
<popup id="|7|5" text="&amp;Form Utilities">
<popup id="|7|5|0" text="&amp;Export form data">
<menuitem id="33132" text="To &amp;form data file (FDF) ..."/>
<menuitem id="33133" text="To &amp;E-mail address ..."/>
</popup>
<menuitem id="33120" text="&amp;Import form data from ..."/>
<menuitem id="33121" text="&amp;Reset form ..."/>
<menuitem id="33122" text="Set calculation order ..."/>
<menuitem id="33135" text="Always &amp;Hide Document Message Bar"/>
</popup>
</popup>
<popup id="|8" text="&amp;Окно">
<menuitem id="57648" text="&amp;Новое окно"/>
<menuitem id="57650" text="&amp;Каскадом"/>
<menuitem id="57651" text="&amp;Плиткой"/>
<menuitem id="57649" text="&amp;Упорядочить значки"/>
<menuitem id="57602" text="&amp;Закрыть"/>
<menuitem id="32795" text="&amp;Закрыть все\tCtrl+Shift+W"/>
</popup>
<popup id="|9" text="&amp;Справка">
<menuitem id="32969" text="&amp;Связать с PDF-файлами"/>
<menuitem id="33116" text="Check for Updates Now..."/>
<menuitem id="33136" text="Install Update..."/>
<menuitem id="32774" text="&amp;Веб-страница Foxit Software"/>
<menuitem id="57664" text="&amp;О программе Foxit Reader..."/>
</popup>
</menu>
<menu id="209">
<popup id="|0" text="&amp;Файл">
<menuitem id="57601" text="&amp;Открыть...\tCtrl+O"/>
<menuitem id="57602" text="&amp;Закрыть\tCtrl+W"/>
<menuitem id="57603" text="Сохранить\tCtrl+S"/>
<menuitem id="32932" text="&amp;Сохранить как...\tCtrl+Shift+S"/>
<menuitem id="57607" text="&amp;Печать...\tCtrl+P"/>
<menuitem id="57606" text="&amp;Настройка печати..."/>
<menuitem id="57616" text="Недавний файл"/>
<menuitem id="32776" text="&amp;Свойства..."/>
<menuitem id="57665" text="&amp;Выход\tCtrl+Q"/>
</popup>
<popup id="|1" text="&amp;Правка">
<menuitem id="57634" text="&amp;Копировать\tCtrl+C"/>
<menuitem id="57636" text="&amp;Найти текст...\tCtrl+F"/>
<menuitem id="32903" text="&amp;Найти далее\tF3"/>
<menuitem id="32985" text="&amp;Настройки...\tCtrl+K"/>
</popup>
<popup id="|2" text="&amp;Вид">
<menuitem id="32782" text="&amp;Закладка\tAlt+1"/>
<menuitem id="32783" text="&amp;Полноэкранный режим\tAlt+2"/>
<menuitem id="32787" text="&amp;Увеличить\tCtrl+Num +"/>
<menuitem id="32788" text="&amp;Уменьшить\tCtrl+Num -"/>
<menuitem id="32789" text="&amp;Указать...\tCtrl+M"/>
<menuitem id="32790" text="&amp;Исходный размер\tCtrl+1"/>
<menuitem id="32791" text="&amp;Страница целиком\tCtrl+2"/>
<menuitem id="32792" text="&amp;По ширине страницы\tCtrl+3"/>
<popup id="|2|12" text="&amp;Макет страницы">
<menuitem id="32925" text="&amp;Одна страница"/>
<menuitem id="32926" text="&amp;Непрерывный"/>
<menuitem id="32938" text="&amp;Книжный"/>
<menuitem id="32939" text="&amp;Книжный непрерывный"/>
</popup>
<popup id="|2|14" text="&amp;Поворот">
<menuitem id="32935" text="&amp;По часовой стрелке\tShift+Ctrl+Plus"/>
<menuitem id="32941" text="&amp;Против часовой стрелки\tShift+Ctrl+Minus"/>
</popup>
<menuitem id="32942" text="&amp;Поменять местами"/>
<menuitem id="32930" text="&amp;Рекламное объявление"/>
<popup id="|2|20" text="&amp;Панели инструментов">
<menuitem id="33043" text="&amp;Файл"/>
<menuitem id="33044" text="&amp;Навигация"/>
<menuitem id="33045" text="&amp;Поворот"/>
<menuitem id="33046" text="&amp;Масштаб"/>
<menuitem id="33042" text="&amp;Стандартная"/>
<menuitem id="33104" text="&amp;Справка"/>
<menuitem id="33065" text="&amp;Просмотр текста"/>
<menuitem id="33048" text="&amp;Сброс панелей\tAlt+F8"/>
<menuitem id="33049" text="&amp;Пристыковать все панели\tCtrl+F8"/>
<menuitem id="33053" text="Скрыть панели\tF8"/>
</popup>
<menuitem id="32898" text="&amp;Строка меню"/>
<menuitem id="59393" text="&amp;Строка состояния"/>
</popup>
<popup id="|3" text="&amp;Документ">
<menuitem id="32777" text="&amp;Первая страница\tHome"/>
<menuitem id="32778" text="&amp;Предыдущая страница\tLeft Arrow"/>
<menuitem id="32779" text="&amp;Следующая страница\tRight Arrow"/>
<menuitem id="32780" text="&amp;Последняя страница\tEnd"/>
<menuitem id="33097" text="&amp;Предыдущий вид\tAlt+Left Arrow "/>
<menuitem id="33098" text="&amp;Следующий вид\tAlt+Right Arrow"/>
<menuitem id="32781" text="&amp;Перейти к странице...\tShift+Ctrl+N"/>
</popup>
<popup id="|4" text="&amp;Сервис">
<menuitem id="32784" text="&amp;Перелистывание\tAlt+3"/>
<menuitem id="32785" text="&amp;Уменьшение масштаба\tAlt+4"/>
<menuitem id="32786" text="&amp;Увеличение масштаба\tAlt+5"/>
<menuitem id="32977" text="&amp;Выделение текста\tAlt+6"/>
<menuitem id="32987" text="&amp;Снимок\tAlt+7"/>
<menuitem id="32793" text="&amp;Просмотр текста\tAlt+9"/>
</popup>
<popup id="|5" text="&amp;Окно">
<menuitem id="57648" text="&amp;Новое окно"/>
<menuitem id="57650" text="&amp;Каскадом"/>
<menuitem id="57651" text="&amp;Плиткой"/>
<menuitem id="57649" text="&amp;Упорядочить значки"/>
<menuitem id="57602" text="&amp;Закрыть"/>
<menuitem id="32795" text="&amp;Закрыть все\tCtrl+Shift+W"/>
</popup>
<popup id="|6" text="&amp;Справка">
<menuitem id="32969" text="&amp;Связать с PDF-файлами"/>
<menuitem id="32774" text="&amp;Веб-страница Foxit Software"/>
<menuitem id="57664" text="&amp;О программе Foxit Reader..."/>
</popup>
</menu>
<menu id="205">
<popup id="|0" text="&amp;Файл">
<menuitem id="57601" text="&amp;Открыть...\tCtrl+O"/>
<menuitem id="57602" text="&amp;Закрыть\tCtrl+W"/>
<menuitem id="57603" text="Сохранить\tCtrl+S"/>
<menuitem id="32932" text="&amp;Сохранить как...\tCtrl+Shift+S"/>
<menuitem id="57607" text="&amp;Печать...\tCtrl+P"/>
<menuitem id="57606" text="&amp;Настройка печати..."/>
<menuitem id="57616" text="Недавний файл"/>
<menuitem id="32776" text="&amp;Свойства..."/>
<menuitem id="57665" text="&amp;Выход\tCtrl+Q"/>
</popup>
<popup id="|1" text="&amp;Правка">
<menuitem id="57634" text="&amp;Копировать\tCtrl+C"/>
<menuitem id="57636" text="&amp;Найти текст...\tCtrl+F"/>
<menuitem id="32903" text="&amp;Найти далее\tF3"/>
<menuitem id="32985" text="&amp;Настройки...\tCtrl+K"/>
</popup>
<popup id="|2" text="&amp;Вид">
<menuitem id="32782" text="&amp;Закладка\tAlt+1"/>
<menuitem id="32783" text="&amp;Полноэкранный режим\tAlt+2"/>
<menuitem id="32787" text="&amp;Увеличить\tCtrl+Num +"/>
<menuitem id="32788" text="&amp;Уменьшить\tCtrl+Num -"/>
<menuitem id="32789" text="&amp;Указать...\tCtrl+M"/>
<menuitem id="32790" text="&amp;Исходный размер\tCtrl+1"/>
<menuitem id="32791" text="&amp;Страница целиком\tCtrl+2"/>
<menuitem id="32792" text="&amp;По ширине страницы\tCtrl+3"/>
<popup id="|2|12" text="&amp;Макет страницы">
<menuitem id="32925" text="&amp;Одна страница"/>
<menuitem id="32926" text="&amp;Непрерывный"/>
<menuitem id="32938" text="&amp;Книжный"/>
<menuitem id="32939" text="&amp;Книжный непрерывный"/>
</popup>
<popup id="|2|14" text="&amp;Поворот">
<menuitem id="32935" text="&amp;По часовой стрелке\tShift+Ctrl+Plus"/>
<menuitem id="32941" text="&amp;Против часовой стрелки\tShift+Ctrl+Minus"/>
</popup>
<menuitem id="32942" text="&amp;Поменять местами"/>
<menuitem id="32930" text="&amp;Рекламное объявление"/>
<popup id="|2|20" text="&amp;Панели инструментов">
<menuitem id="33043" text="&amp;Файл"/>
<menuitem id="33044" text="&amp;Навигация"/>
<menuitem id="33045" text="&amp;Поворот"/>
<menuitem id="33046" text="&amp;Масштаб"/>
<menuitem id="33042" text="&amp;Стандартная"/>
<menuitem id="33104" text="&amp;Справка"/>
<menuitem id="33065" text="&amp;Просмотр текста"/>
<menuitem id="33048" text="&amp;Сброс панелей\tAlt+F8"/>
<menuitem id="33049" text="&amp;Пристыковать все панели\tCtrl+F8"/>
<menuitem id="33053" text="Скрыть панели\tF8"/>
</popup>
<menuitem id="32898" text="&amp;Строка меню"/>
<menuitem id="59393" text="&amp;Строка состояния"/>
</popup>
<popup id="|3" text="&amp;Документ">
<menuitem id="32777" text="&amp;Первая страница\tHome"/>
<menuitem id="32778" text="&amp;Предыдущая страница\tLeft Arrow"/>
<menuitem id="32779" text="&amp;Следующая страница\tRight Arrow"/>
<menuitem id="32780" text="&amp;Последняя страница\tEnd"/>
<menuitem id="33097" text="&amp;Предыдущий вид\tAlt+Left Arrow "/>
<menuitem id="33098" text="&amp;Следующий вид\tAlt+Right Arrow"/>
<menuitem id="32781" text="&amp;Перейти к странице...\tShift+Ctrl+N"/>
</popup>
<popup id="|4" text="&amp;Сервис">
<menuitem id="32784" text="&amp;Перелистывание\tAlt+3"/>
<menuitem id="32785" text="&amp;Уменьшение масштаба\tAlt+4"/>
<menuitem id="32786" text="&amp;Увеличение масштаба\tAlt+5"/>
<menuitem id="32977" text="&amp;Выделение текста\tAlt+6"/>
<menuitem id="32987" text="&amp;Снимок\tAlt+7"/>
<menuitem id="32793" text="&amp;Просмотр текста\tAlt+9"/>
</popup>
<popup id="|5" text="&amp;Окно">
<menuitem id="57648" text="&amp;Новое окно"/>
<menuitem id="57650" text="&amp;Каскадом"/>
<menuitem id="57651" text="&amp;Плиткой"/>
<menuitem id="57649" text="&amp;Упорядочить значки"/>
<menuitem id="57602" text="&amp;Закрыть"/>
<menuitem id="32795" text="&amp;Закрыть все\tCtrl+Shift+W"/>
</popup>
<popup id="|6" text="&amp;Справка">
<menuitem id="32969" text="&amp;Связать с PDF-файлами"/>
<menuitem id="32774" text="&amp;Веб-страница Foxit Software"/>
<menuitem id="57664" text="&amp;О программе Foxit Reader..."/>
</popup>
</menu>
<menu id="9032">
<popup id="|0" text="Гориз. масштаб">
<menuitem id="9061" text="%200"/>
<menuitem id="9067" text="%150"/>
<menuitem id="9066" text="%125"/>
<menuitem id="9062" text="%100"/>
<menuitem id="9063" text="%75"/>
<menuitem id="9064" text="%50"/>
<menuitem id="9065" text="Еще..."/>
</popup>
</menu>
<menu id="828">
<popup id="|0" text="highlight">
<menuitem id="33131" text="&amp;All Fields"/>
<menuitem id="33129" text="&amp;Combo Box"/>
<menuitem id="33125" text="C&amp;heck Box"/>
<menuitem id="33130" text="&amp;List Box"/>
<menuitem id="33126" text="P&amp;ush Button"/>
<menuitem id="33127" text="&amp;Radio Button"/>
<menuitem id="33128" text="&amp;Text Field"/>
<menuitem id="33134" text="Hide Document &amp;Message Bar"/>
</popup>
</menu>
<menu id="10002">
<popup id="|0" text="Annot">
<popup id="|0|0" text="&amp;Set Status">
<popup id="|0|0|0" text="&amp;Review">
<menuitem id="10032" text="&amp;None"/>
<menuitem id="10033" text="&amp;Accepted"/>
<menuitem id="10034" text="&amp;Rejected"/>
<menuitem id="10035" text="&amp;Cancelled"/>
<menuitem id="10036" text="C&amp;ompleted"/>
</popup>
<popup id="|0|0|1" text="&amp;Migration">
<menuitem id="10037" text="&amp;None"/>
<menuitem id="10038" text="N&amp;ot Confirmed"/>
<menuitem id="10039" text="&amp;Confirmed"/>
</popup>
</popup>
<menuitem id="10101" text="&amp;Mark with Checkmark"/>
<menuitem id="10115" text="Remo&amp;ve Checkmark"/>
<menuitem id="10109" text="&amp;Open Popup Note"/>
<menuitem id="10113" text="&amp;Close Popup Note"/>
<menuitem id="10040" text="&amp;Reset Popup Note"/>
<menuitem id="10041" text="&amp;Delete"/>
<menuitem id="10110" text="Repl&amp;y"/>
<menuitem id="10099" text="M&amp;erge"/>
<menuitem id="10112" text="&amp;Flip"/>
<menuitem id="10100" text="&amp;Group"/>
<menuitem id="10108" text="&amp;Ungroup"/>
<menuitem id="10111" text="Se&amp;t Current Properties as Default"/>
<menuitem id="10042" text="O&amp;pen Properties ..."/>
<menuitem id="10114" text="C&amp;lose Properties"/>
</popup>
</menu>
<menu id="5000">
<popup id="|0" text="_ITEMTITLE">
<menuitem id="5006" text="&amp;Reply this topic"/>
<menuitem id="5007" text="&amp;Delete this topic"/>
</popup>
</menu>
</Menus>
<Dialogs>
<Dialog id="147">
<dlgitem id="1002" text="Сохранить весь документ"/>
<dlgitem id="1003" text="Сохранить текущую страницу"/>
<dlgitem id="1004" text="Сохранить диапазон страниц с:"/>
<dlgitem id="1191" text="до"/>
<dlgitem id="1190" text="Сохранять:"/>
</Dialog>
<Dialog id="727" text="Состояние">
<dlgitem id="2" text="Отмена"/>
<dlgitem id="1256" text="Действие1"/>
<dlgitem id="1255" text="Найти..."/>
</Dialog>
<Dialog id="274" text="Найти текст">
<dlgitem id="1192" text="&amp;Что искать:"/>
<dlgitem id="1067" text="&amp;Только слово целиком"/>
<dlgitem id="1068" text="&amp;Учитывать регистр"/>
<dlgitem id="1193" text="Направление"/>
<dlgitem id="1069" text="&amp;Вверх"/>
<dlgitem id="1070" text="&amp;Вниз"/>
<dlgitem id="1153" text="&amp;Найти далее"/>
<dlgitem id="2" text="&amp;Отмена"/>
</Dialog>
<Dialog id="157" text="Переход на страницу">
<dlgitem id="1194" text="&amp;Страница:"/>
<dlgitem id="1195" text="из"/>
<dlgitem id="1" text="ОК"/>
<dlgitem id="2" text="Отмена"/>
</Dialog>
<Dialog id="130" text="Пароль:">
<dlgitem id="1196" text="Введите пароль:"/>
<dlgitem id="1" text="ОК"/>
<dlgitem id="2" text="Отмена"/>
<dlgitem id="1121" text="Этот файл защищен. Для открытия документа необходимо ввести пароль."/>
</Dialog>
<Dialog id="276">
<dlgitem id="1197" text="Цветовые настройки документа"/>
<dlgitem id="1074" text="&amp;Изменить цвета документа"/>
<dlgitem id="1075" text="&amp;Использовать цветовую схему Windows"/>
<dlgitem id="1076" text="&amp;Выбрать цвета:"/>
<dlgitem id="1102" text="&amp;Фон страницы:"/>
<dlgitem id="1103" text="&amp;Текст документа:"/>
<dlgitem id="1078" text="&amp;Изменять цвет только для черно-белых документов"/>
</Dialog>
<Dialog id="300">
<dlgitem id="1198" text="Выделение"/>
<dlgitem id="1108" text="&amp;Делать снимки указанного разрешения"/>
<dlgitem id="1200" text="&amp;Разрешение:"/>
<dlgitem id="1199" text="Принтер"/>
<dlgitem id="1253" text="&amp;Печатать текст как изображение (без подстановки шрифтов)"/>
</Dialog>
<Dialog id="278">
<dlgitem id="1201" text="Отображение страниц"/>
<dlgitem id="1202" text="&amp;Режим страниц:"/>
<dlgitem id="1101" text="&amp;Показывать сетку прозрачности"/>
<dlgitem id="1105" text="&amp;Количество страниц для режима 'Книжный'"/>
<dlgitem id="1204" text="Страницы"/>
<dlgitem id="1252" text="&amp;Величина отступа"/>
<dlgitem id="1205" text="Точек"/>
<dlgitem id="1111" text="Отображать текст в режиме для LCD-мониторов"/>
<dlgitem id="1203" text="Масштаб"/>
<dlgitem id="1206" text="&amp;Исходный масштаб:"/>
<dlgitem id="1207" text="&amp;Максимальное увеличение:"/>
</Dialog>
<Dialog id="275" text="Параметры">
<dlgitem id="1" text="ОК"/>
<dlgitem id="2" text="Отмена"/>
<dlgitem id="1104" text="Объект:"/>
</Dialog>
<Dialog id="778" text="Состояние">
<dlgitem id="1152" text="Действие1"/>
<dlgitem id="1255" text="Печать..."/>
<dlgitem id="2" text="Отмена"/>
</Dialog>
<Dialog id="530" text="Принтер">
<dlgitem id="1199" text="Принтер"/>
<dlgitem id="1208" text="&amp;Имя:"/>
<dlgitem id="1120" text="&amp;свойства"/>
<dlgitem id="1209" text="Состояние:"/>
<dlgitem id="1141" text="Готовность"/>
<dlgitem id="1122" text="&amp;Печать в файл"/>
<dlgitem id="1210" text="Тип:"/>
<dlgitem id="1142" text="Принтер Foxit PDF"/>
<dlgitem id="1139" text="&amp;Советы"/>
<dlgitem id="1140" text="&amp;Дополнительно"/>
<dlgitem id="1211" text="Диапазон печати"/>
<dlgitem id="1123" text="&amp;Все"/>
<dlgitem id="1127" text="&amp;Текущее представление"/>
<dlgitem id="1130" text="&amp;Текущая страница"/>
<dlgitem id="1216" text="&amp;Диапазон страниц с:"/>
<dlgitem id="1191" text="&amp;до:"/>
<dlgitem id="1212" text="&amp;Набор:"/>
<dlgitem id="1226" text="&amp;В обратном порядке"/>
<dlgitem id="1213" text="Параметры печати"/>
<dlgitem id="1214" text="&amp;Копий:"/>
<dlgitem id="1163" text="&amp;Поля:"/>
<dlgitem id="1228" text="дюймов"/>
<dlgitem id="1229" text="&amp;По порядку"/>
<dlgitem id="1215" text="&amp;Масштаб:"/>
<dlgitem id="1217" text="&amp;Выравн.:"/>
<dlgitem id="1219" text="&amp;Поворот:"/>
<dlgitem id="1164" text="&amp;Порядок страниц:"/>
<dlgitem id="1165" text="&amp;Стр. на листе:"/>
<dlgitem id="1166" text="&amp;на"/>
<dlgitem id="1133" text="&amp;Авто-поворот "/>
<dlgitem id="1151" text="&amp;Авто-центр"/>
<dlgitem id="1156" text="&amp;Печатать границу страницы"/>
<dlgitem id="1221" text="&amp;Печатать:"/>
<dlgitem id="1135" text="&amp;Выбирать бумагу по размеру страницы PDF"/>
<dlgitem id="1154" text="Предварительный просмотр"/>
<dlgitem id="1222" text="Документ:"/>
<dlgitem id="1223" text="Бумага:"/>
<dlgitem id="1225" text="Единицы:"/>
<dlgitem id="1144" text="Статика"/>
<dlgitem id="1" text="ОК"/>
<dlgitem id="2" text="Отмена"/>
<dlgitem id="1143" text="Показать страницу"/>
</Dialog>
<Dialog id="791" text="Foxit Reader">
<dlgitem id="1" text="ОК"/>
<dlgitem id="1227" text="В вашем PDF-документе имеются восточные символы (Китайские/Японские/Корейские).
Для их верного отображения необходимо установить файл FPDFCJK.BIN (поместите его
в папку с Foxit Reader)."/>
<dlgitem id="1148" text="http://www.foxitsoftware.com/pdf/rd_intro.php"/>
<dlgitem id="1228" text="Вы можете загрузить этот файл со страницы "/>
</Dialog>
<Dialog id="723" text="Foxit Reader">
<dlgitem id="1" text="ОК"/>
<dlgitem id="1227" text="Спасибо Вам за использование Foxit Reader! Это оценочная версия программы со следующими ограничениями:"/>
<dlgitem id="1231" text="Для приобретения лицензии на Foxit Reader посетите наш сайт "/>
<dlgitem id="1232" text="или напишите на адрес sales@foxitsoftware.com."/>
<dlgitem id="1148" text="http://www.foxitsoftware.com"/>
<dlgitem id="1106" text="Не показывать это сообщение снова"/>
</Dialog>
<Dialog id="252" text="Foxit Reader">
<dlgitem id="1064" text="Всегда выполнять эту проверку при запуске Foxit Reader."/>
<dlgitem id="1" text="&amp;Да"/>
<dlgitem id="2" text="&amp;Нет"/>
<dlgitem id="1065" text="В данный момент Foxit Reader не зарегистрирован в системе в качестве средства просмотра для файлов PDF. Вы хотите установить Foxit Reader в качестве стандартного средства просмотра для файлов PDF."/>
<dlgitem id="1228" text="После этого вы сможете открывать файлы PDF дважды щелкая по ним мышью в окне Проводника, а также в браузере Internet Explorer."/>
<dlgitem id="1229" text="Чтобы отменить связь Foxit Reader с PDF-файлами запустите другой просмотрщик."/>
</Dialog>
<Dialog id="285" text="Foxit Reader">
<dlgitem id="1" text="ОК"/>
<dlgitem id="1065" text="Выделенная область скопирована в буфер обмена."/>
<dlgitem id="1106" text="Не показывать это сообщение снова"/>
</Dialog>
<Dialog id="150" text="Свойства">
<dlgitem id="1244" text="Общие"/>
<dlgitem id="1032" text="Статика"/>
<dlgitem id="1201" text="Статика"/>
<dlgitem id="1241" text="Дополнительно"/>
<dlgitem id="1243" text="Число страниц:"/>
<dlgitem id="1057" text="Версия PDF:"/>
<dlgitem id="1208" text="Еще..."/>
<dlgitem id="1" text="ОК"/>
<dlgitem id="2" text="Отмена"/>
<dlgitem id="1242" text="Размер страницы:"/>
<dlgitem id="1233" text="Название:"/>
<dlgitem id="1234" text="Тема:"/>
<dlgitem id="1235" text="Автор:"/>
<dlgitem id="1238" text="Ключевые слова:"/>
<dlgitem id="1236" text="Редактор:"/>
<dlgitem id="1237" text="Издатель:"/>
<dlgitem id="1239" text="Создан:"/>
<dlgitem id="1240" text="Изменен:"/>
<dlgitem id="1205" text="Статика"/>
<dlgitem id="1207" text="Статика"/>
<dlgitem id="1203" text="Статика"/>
</Dialog>
<Dialog id="788" text="Foxit Reader">
<dlgitem id="1" text="ОК"/>
<dlgitem id="1245" text="Спасибо Вам за использование Foxit Reader  "/>
<dlgitem id="1246" text="Данное действие относится к Профессиональной версии Foxit Reader. Вы можете воспользоваться им, однако, после сохранения файла PDF, отредактированные страницы будут содержать рекламную информацию."/>
<dlgitem id="1106" text="Не показывать это сообщение снова"/>
<dlgitem id="1057" text="(Стандартная версия)."/>
<dlgitem id="1228" text="После приобретения Профессиональной версии Foxit Reader данная рекламная информация больше не будет доавляться. "/>
<dlgitem id="1270" text="Пожалуйста, посетите сайт Foxit Software (www.foxitsoftware.com) для большей информации о приобретении лицензии на Профессиональную версию Foxit Reader."/>
</Dialog>
<Dialog id="786" text="Foxit Reader">
<dlgitem id="1" text="ОК"/>
<dlgitem id="1245" text="Спасибо Вам за использование Foxit Reader  "/>
<dlgitem id="1228" text="Данное действие относится к Профессиональной версии Foxit Reader и недоступно для пользователей Стандартной версии.  "/>
<dlgitem id="1106" text="Не показывать это сообщение снова"/>
<dlgitem id="1270" text="Пожалуйста, посетите сайт Foxit Software (www.foxitsoftware.com) для большей информации о приобретении лицензии на Профессиональную версию Foxit Reader."/>
</Dialog>
<Dialog id="787" text="Foxit Reader">
<dlgitem id="1" text="ОК"/>
<dlgitem id="1245" text="Спасибо Вам за использование Foxit Reader  "/>
<dlgitem id="1246" text="Вы внесли изменения в документ и можете сохранить его, однако, отредактированные страницы в этом случае будут содержать рекламную информацию."/>
<dlgitem id="1106" text="Не показывать это сообщение снова"/>
<dlgitem id="1228" text="После приобретения Профессиональной версии Foxit Reader данная рекламная информация больше не будет доавляться. "/>
<dlgitem id="1270" text="Пожалуйста, посетите сайт Foxit Software (www.foxitsoftware.com) для большей информации о приобретении лицензии на Профессиональную версию Foxit Reader."/>
</Dialog>
<Dialog id="165" text="Цвета текстового просмотра">
<dlgitem id="1254" text="Текст"/>
<dlgitem id="1251" text="Крас:"/>
<dlgitem id="1202" text="Движок1"/>
<dlgitem id="1252" text="Зел:"/>
<dlgitem id="1206" text="Движок1"/>
<dlgitem id="1253" text="Син:"/>
<dlgitem id="1204" text="Движок1"/>
<dlgitem id="1084" text="Фон"/>
<dlgitem id="1255" text="Крас:"/>
<dlgitem id="1210" text="Движок1"/>
<dlgitem id="1256" text="Зел:"/>
<dlgitem id="1212" text="Движок1"/>
<dlgitem id="1257" text="Син:"/>
<dlgitem id="1214" text="Движок1"/>
<dlgitem id="1" text="ОК"/>
<dlgitem id="2" text="Отмена"/>
</Dialog>
<Dialog id="708"/>
<Dialog id="673" text="Шрифт PDF...">
<dlgitem id="1048" text="Список1"/>
<dlgitem id="1258" text="Цель:"/>
<dlgitem id="1051" text="Предварительный просмотр"/>
<dlgitem id="1" text="ОК"/>
<dlgitem id="2" text="Отмена"/>
</Dialog>
<Dialog id="672" text="Настройки текстового просмотра">
<dlgitem id="1259" text="Ширина текущей страницы"/>
<dlgitem id="1264" text="Минимальная:"/>
<dlgitem id="1043" text="Автоматическая"/>
<dlgitem id="1045" text="Авто-поворот"/>
<dlgitem id="1242" text="Сохранять столбец"/>
<dlgitem id="1260" text="Ширина текущего документа"/>
<dlgitem id="1263" text="Минимальная:"/>
<dlgitem id="1058" text="Автоматическая"/>
<dlgitem id="1061" text="Авто-поворот"/>
<dlgitem id="1060" text="Сохранять столбец"/>
<dlgitem id="1261" text="Ширина по умолчанию"/>
<dlgitem id="1262" text="Минимальная:"/>
<dlgitem id="1240" text="Автоматическая"/>
<dlgitem id="1062" text="Авто-поворот"/>
<dlgitem id="1056" text="Сохранять столбец"/>
<dlgitem id="1" text="ОК"/>
<dlgitem id="2" text="Отмена"/>
</Dialog>
<Dialog id="158" text="Увеличение">
<dlgitem id="1203" text="&amp;Увеличение:"/>
<dlgitem id="1" text="ОК"/>
<dlgitem id="2" text="Отмена"/>
</Dialog>
<Dialog id="9026" text="Межзнаковый интервал">
<dlgitem id="1" text="ОК"/>
<dlgitem id="2" text="Отмена"/>
<dlgitem id="9018" text="Разряженный"/>
<dlgitem id="9011" text="Уплотненный"/>
<dlgitem id="9027" text="На:"/>
<dlgitem id="9029" text="На:"/>
<dlgitem id="9014" text="Предварительный просмотр"/>
<dlgitem id="9021" text="Вы можете сузить или расширить текстовую строку с помощью различных межзнаковых интервалов:"/>
<dlgitem id="9023" text="Точка"/>
<dlgitem id="9025" text="Точка"/>
</Dialog>
<Dialog id="9024" text="Горизонтальный масштаб">
<dlgitem id="1" text="ОК"/>
<dlgitem id="2" text="Отмена"/>
<dlgitem id="9008" text="Предварительный просмотр"/>
<dlgitem id="9031" text="&amp;Масштаб:"/>
<dlgitem id="9033" text="%"/>
</Dialog>
<Dialog id="9054" text="Символ">
<dlgitem id="1" text="&amp;Вставить"/>
<dlgitem id="2" text="&amp;Отмена"/>
</Dialog>
<Dialog id="9020" text="Настройки внешнего вида">
<dlgitem id="1" text="&amp;ОК"/>
<dlgitem id="2" text="&amp;Отмена"/>
<dlgitem id="9035" text="&amp;Название шрифта:"/>
<dlgitem id="9039" text="&amp;Размер шрифта:"/>
<dlgitem id="9047" text="&amp;Цвет фона:"/>
<dlgitem id="9010" text="&amp;Изменить"/>
<dlgitem id="9041" text="&amp;Горизонтальный масштаб:"/>
<dlgitem id="65535" text="%"/>
<dlgitem id="9043" text="&amp;Разрядка:"/>
<dlgitem id="9045" text="&amp;Цвет шрифта:"/>
<dlgitem id="9017" text="&amp;Изменить"/>
<dlgitem id="9037" text="Начертание:"/>
<dlgitem id="9005" text="&amp;Полужирный"/>
<dlgitem id="9019" text="&amp;Курсивный"/>
</Dialog>
<Dialog id="9022">
<dlgitem id="9049" text="Шрифт:"/>
</Dialog>
<Dialog id="793" text="Обновление Foxit Reader">
<dlgitem id="1185" text="&amp;Загрузить"/>
<dlgitem id="2" text="&amp;Отмена"/>
<dlgitem id="1178" text="Действие1"/>
<dlgitem id="1187" text="Имя файла:"/>
<dlgitem id="1188" text="Размещение:"/>
<dlgitem id="1189" text="Оставшееся время:"/>
<dlgitem id="1186" text="Описание:"/>
</Dialog>
<Dialog id="792" text="Отсутствует требуемый компонент">
<dlgitem id="1" text="&amp;Да"/>
<dlgitem id="2" text="&amp;Нет"/>
<dlgitem id="1186" text="Для верного отображения данного файла PDF требуется специальный компонент. Вы можете загрузить этот компонент с нашего сайта."/>
<dlgitem id="1226" text="Вы хотите посетить наш сайт для получения дополнительной информации?"/>
<dlgitem id="1273" text="NOTE: this will require Internet access to Foxit server."/>
</Dialog>
<Dialog id="796" text="Foxit Reader ">
<dlgitem id="1" text="Загрузить"/>
<dlgitem id="2" text="Отмена"/>
<dlgitem id="1265" text="Текущее обновление:"/>
<dlgitem id="1266" text="Выбранное обновление"/>
<dlgitem id="1269" text="(0.0 Кб)"/>
<dlgitem id="1169" text="&amp;Добавить"/>
<dlgitem id="1170" text="&amp;Удалить"/>
<dlgitem id="1186" text="Описание:"/>
<dlgitem id="1209" text="Состояние:"/>
<dlgitem id="1267" text="Размер:"/>
<dlgitem id="1274" text="Static"/>
</Dialog>
<Dialog id="815" text="Calculation Order">
<dlgitem id="1312" text="Form fields:"/>
<dlgitem id="1287" text="&amp;Up"/>
<dlgitem id="1288" text="&amp;Down"/>
<dlgitem id="1" text="OK"/>
<dlgitem id="2" text="Cancel"/>
</Dialog>
<Dialog id="810" text="Progress">
<dlgitem id="1271" text="Progress1"/>
</Dialog>
<Dialog id="812" text="Foxit Reader">
<dlgitem id="2" text="Cancel"/>
<dlgitem id="1313" text="Checking for updates..."/>
</Dialog>
<Dialog id="816">
<dlgitem id="1290" text="Highlight fields"/>
<dlgitem id="1312" text="This document contains interactive form fields."/>
</Dialog>
<Dialog id="814" text="JavaScript Editor">
<dlgitem id="1317" text="Create and Edit JavaScripts:"/>
<dlgitem id="1286" text="&amp;Font ..."/>
<dlgitem id="1285" text="&amp;Reload"/>
<dlgitem id="1284" text="&amp;Save"/>
<dlgitem id="1283" text="&amp;Close"/>
</Dialog>
<Dialog id="813" text="Java Script Functions">
<dlgitem id="2" text="&amp;Close"/>
<dlgitem id="1275" text="Script &amp;Name:"/>
<dlgitem id="1279" text="&amp;Add"/>
<dlgitem id="1280" text="&amp;Edit"/>
<dlgitem id="1281" text="&amp;Delete"/>
</Dialog>
<Dialog id="819">
<dlgitem id="1314" text="Highlight Color"/>
<dlgitem id="1301" text="&amp;Highlight all fields"/>
<dlgitem id="1303" text="C&amp;heck Box"/>
<dlgitem id="1302" text="&amp;Combo Box"/>
<dlgitem id="14009" text="&amp;Radio Button"/>
<dlgitem id="14010" text="&amp;List Box"/>
<dlgitem id="14011" text="&amp;Text Field"/>
<dlgitem id="14012" text="P&amp;ush Button"/>
<dlgitem id="1316" text="Classified fields highlight :"/>
<dlgitem id="1315" text="O&amp;pacity:"/>
<dlgitem id="1304" text="Slider1"/>
<dlgitem id="1319" text="Set highlight la&amp;yer:"/>
</Dialog>
<Dialog id="10061" text="Please wait ...">
<dlgitem id="10118" text="Here is the information message."/>
</Dialog>
<Dialog id="10055" text="Create Link">
<dlgitem id="10086" text="Appearance"/>
<dlgitem id="10095" text="Th&amp;ickness:"/>
<dlgitem id="10097" text="Spin1"/>
<dlgitem id="10089" text="Border &amp;Style:"/>
<dlgitem id="10091" text="&amp;Highlight:"/>
<dlgitem id="10093" text="C&amp;olor:"/>
<dlgitem id="10098" text="Destination"/>
<dlgitem id="10104" text="Go to a page &amp;view"/>
<dlgitem id="10105" text="Go to a named &amp;position"/>
<dlgitem id="10102" text="Open / &amp;execute a file"/>
<dlgitem id="10103" text="Open a &amp;web page"/>
<dlgitem id="10106" text="Others (use action property page)"/>
<dlgitem id="10100" text="Ne&amp;xt ..."/>
<dlgitem id="10108" text="&amp;Cancel"/>
</Dialog>
<Dialog id="10058" text="Go to a page view">
<dlgitem id="10110" text="&amp;Set this position"/>
<dlgitem id="10111" text="&amp;Cancel"/>
<dlgitem id="10109" text="Move the document to the new position you want to set. You may scroll the page or  change the current zoom setting. 

You may also open or activate another PDF document to apply."/>
</Dialog>
<Dialog id="10057" text="Go to a named position">
<dlgitem id="10112" text="Select a named position from the below list:"/>
<dlgitem id="1" text="&amp;OK"/>
<dlgitem id="2" text="&amp;Cancel"/>
</Dialog>
<Dialog id="10059" text="URL Edition">
<dlgitem id="10114" text="Enter a web site or other URL address:"/>
<dlgitem id="1" text="&amp;OK"/>
<dlgitem id="2" text="&amp;Cancel"/>
</Dialog>
<Dialog id="10000" text="Appearance">
<dlgitem id="10000" text="&amp;Thickness:"/>
<dlgitem id="10018" text="Spin1"/>
<dlgitem id="10009" text="Border st&amp;yle:"/>
<dlgitem id="10030" text="&amp;pattern:"/>
<dlgitem id="10001" text="Colo&amp;r:"/>
<dlgitem id="10003" text="&amp;Fill color:"/>
<dlgitem id="10005" text="Line &amp;starting:"/>
<dlgitem id="10007" text="Line &amp;ending:"/>
<dlgitem id="10019" text="&amp;Opacity:"/>
<dlgitem id="10027" text="%"/>
<dlgitem id="10017" text="Slider1"/>
<dlgitem id="10011" text="Sho&amp;w text in line"/>
</Dialog>
<Dialog id="10028" text="Dash Pattern">
<dlgitem id="10030" text="&amp;Dash pattern:"/>
<dlgitem id="10029" text="List2"/>
<dlgitem id="10119" text="Edit Pattern"/>
<dlgitem id="10120" text="&amp;Length:"/>
<dlgitem id="10037" text="Spin1"/>
<dlgitem id="10121" text="&amp;Gap:"/>
<dlgitem id="10039" text="Spin1"/>
<dlgitem id="4294967295" text="&amp;Phase:"/>
<dlgitem id="10041" text="Spin1"/>
<dlgitem id="1" text="&amp;OK"/>
<dlgitem id="2" text="&amp;Cancel"/>
</Dialog>
<Dialog id="10001" text="General">
<dlgitem id="10020" text="&amp;Author:"/>
<dlgitem id="10021" text="S&amp;ubject:"/>
<dlgitem id="10025" text="&amp;Description:"/>
<dlgitem id="10027" text="Name:"/>
<dlgitem id="10022" text="Created:"/>
<dlgitem id="10024" text="Modified:"/>
</Dialog>
<Dialog id="10047" text="Info">
<dlgitem id="10085" text="Property Controller

All rights reserved
Copyright(C) by Foxit Software Inc. 2005-2006"/>
</Dialog>
<Dialog id="10002" text="Review History">
<dlgitem id="10025" text="Tree1"/>
<dlgitem id="10039" text="Any change of the status will be record in the above list for this markup. Status can be changed from popup menu."/>
</Dialog>
<Dialog id="4006" text="Note Type">
<dlgitem id="4007" text="Note type:"/>
</Dialog>
</Dialogs>
<Strings>
<string id="100" text="Сбой инициализации OLE. Проверьте правильность версий библиотек OLE."/>
<string id="128" text="Foxit Reader 1.3"/>
<string id="129" text="\nFoxit Reader\nPDF\nФайлы PDF (*.pdf)\n.pdf\nFoxitReader.Document\nДокумент PDF"/>
<string id="1022" text="                                                  "/>
<string id="2015" text="2005-2006 Foxit Software"/>
<string id="2016" text="1.3 Build 1625"/>
<string id="2017" text="Чтобы отменить связь Foxit Reader с PDF-файлами запустите другой просмотрщик."/>
<string id="2020" text=" защищен. Введите пароль на открытие документа."/>
<string id="2021" text="Щелкните здесь, чтобы узнать о дополнительных возможностях Foxit Reader!"/>
<string id="2022" text="Щелкните, чтобы узнать о БЕСПЛАТНОЙ возможности ввода текста в PDF-документы!"/>
<string id="2023" text="Щелкните, чтобы узнать о том как редактировать PDF-файлы!"/>
<string id="2024" text="Теперь вы можете БЕСПЛАТНО воспользоваться средством ввода текста в любой документ PDF.\n\nДля этого нажмите кнопку &quot;Ввод текста&quot; на панели инструментов или выберите команду &quot;Ввод текста&quot;\nв меню &quot;Правка&quot;, после чего щелкните в любом месте документа и введите текст!\n\nВы также можете распечатать отредактированный документ."/>
<string id="2026" text="При открытии документа возникла ошибка. Файл поврежден и не может быть восстановлен.  "/>
<string id="2027" text="Не удается найти страницу:"/>
<string id="2028" text="Невозможно запустить приложение."/>
<string id="2029" text="В документе не существует страницы с номером '%s'."/>
<string id="2031" text="Copyright (C)"/>
<string id="2032" text="Интернет: www.FoxitSoftware.com"/>
<string id="2033" text="Все права защищены"/>
<string id="2034" text="Версия"/>
<string id="2035" text="Не удается найти строку "/>
<string id="2036" text="Поиск в документе завершен."/>
<string id="2037" text="Простите, но печать данного документа запрещена.\n\nПричина: возможность печати отключена автором документа."/>
<string id="2038" text="Простите, но копирование текста из данного документа запрещено.\n\nПричина: возможность копирования текста отключена автором документа."/>
<string id="2039" text="Простите, но сохранение данного документа запрещено.\n\nПричина: возможность сохранения отключена автором документа."/>
<string id="2040" text="Документ не может быть сохранен. Данный файл уже используется."/>
<string id="2041" text="Перед тем как выполнять операции печати (настройка печати и сама печать)\n\nнеобходимо установить принтер."/>
<string id="2042" text="Документ не может быть сохранен. Данный файл может иметь атрибут &quot;только для чтения&quot;, либо уже использоваться другим пользователем. Тем не менее вы можете сохранить документ под другим именем, либо в другой папке."/>
<string id="2043" text="Документ"/>
<string id="2044" text="Документ и Аннотации"/>
<string id="2045" text="Документ и Аннотации"/>
<string id="2046" text="Документ"/>
<string id="2047" text="Вы хотите сохранить внесенные изменения в '%s' перед закрытием?"/>
<string id="2050" text="Одна страница"/>
<string id="2051" text="Непрерывный"/>
<string id="2052" text="Книжный"/>
<string id="2053" text="Последовательно - разворотами"/>
<string id="2054" text="Исходный размер"/>
<string id="2055" text="По размеру страницы"/>
<string id="2056" text="По ширине"/>
<string id="2057" text="Панель Файл"/>
<string id="2058" text="Панель Навигация"/>
<string id="2059" text="Панель Масштаб"/>
<string id="2060" text="Панель Поворот"/>
<string id="2061" text="Панель Стандартная"/>
<string id="2062" text="Просмотр текста"/>
<string id="2063" text="Полноэкранный режим"/>
<string id="2064" text="Справка"/>
<string id="2070" text="Отстутствует необходимый компонент(%s) Foxit Reader. Вы можете загрузить этот компонент с нашего сайта."/>
<string id="2071" text="Fail to download..."/>
<string id="2072" text="Проверка обновлений..."/>
<string id="2073" text="Загрузка обновления"/>
<string id="2074" text="Установка обновления"/>
<string id="2075" text="&amp;Пауза"/>
<string id="2076" text="&amp;Продолжить"/>
<string id="2077" text="&amp;Готово"/>
<string id="2078" text="часов"/>
<string id="2079" text="минут"/>
<string id="2080" text="секунд"/>
<string id="2081" text="Профессиональная версия"/>
<string id="2082" text="занят"/>
<string id="2083" text="открыта дверца"/>
<string id="2084" text="в состоянии сбоя"/>
<string id="2085" text="запускается"/>
<string id="2086" text="в состоянии ввода/вывода"/>
<string id="2087" text="в состоянии ручной подачи"/>
<string id="2088" text="кончился тонер"/>
<string id="2089" text="недоступен для печати"/>
<string id="2090" text="отключен"/>
<string id="2091" text="нехватка памяти"/>
<string id="2092" text="буфер вывода заполнен"/>
<string id="2093" text="печать текущей страницы невозможна"/>
<string id="2094" text="застряла бумага"/>
<string id="2095" text="нет бумаги"/>
<string id="2096" text="проблема с бумагой"/>
<string id="2097" text="приостановлен"/>
<string id="2098" text="удаляет задания"/>
<string id="2099" text="в режиме энергосбережения"/>
<string id="2100" text="идет печать"/>
<string id="2101" text="обрабатывает задание"/>
<string id="2102" text="состояние неизвестно"/>
<string id="2103" text="кончается тонер"/>
<string id="2104" text="ошибка, требующая вмешательства пользователя"/>
<string id="2105" text="ожидание"/>
<string id="2106" text="прогрев"/>
<string id="2107" text="готовность"/>
<string id="2108" text="Закладки"/>
<string id="2109" text="Страница"/>
<string id="2110" text="Скрыть панель инструментов"/>
<string id="2111" text="Панель инструментов"/>
<string id="2112" text="Файл PDF"/>
<string id="2113" text="Все файлы"/>
<string id="2114" text="Стандартные средства"/>
<string id="2115" text="Средства аннотирования"/>
<string id="2116" text="Средства формы"/>
<string id="2117" text="Средства маркировки"/>
<string id="2118" text="Средства ввода текста"/>
<string id="2119" text="Общие"/>
<string id="2120" text="Цвета документа"/>
<string id="2121" text="Отображение страниц"/>
<string id="2122" text="Подогнать под формат листа"/>
<string id="2123" text="Исходный размер"/>
<string id="2124" text="Нет"/>
<string id="2125" text="Несколько страниц на листе"/>
<string id="2126" text="Обычно"/>
<string id="2127" text="По часовой стрелке"/>
<string id="2128" text="Против часовой стрелки"/>
<string id="2129" text="дюймов"/>
<string id="2130" text="Все страницы диапазона"/>
<string id="2131" text="Только нечетные"/>
<string id="2132" text="Только четные"/>
<string id="2133" text="Выбранные..."/>
<string id="2134" text="Значение увеличения должно быть 'Исходный размер', 'Страница целиком', 'По ширине страницы', либо между %s и %s."/>
<string id="2135" text="Введите значение от %s до %s."/>
<string id="2136" text="Файл"/>
<string id="2137" text="&amp;About Foxit Reader..."/>
<string id="2138" text="&amp;About Foxit Reader Pro..."/>
<string id="2139" text="Horizontal"/>
<string id="2140" text="Horizontal Reversed"/>
<string id="2141" text="Vertical"/>
<string id="2142" text="Vertical Reversed"/>
<string id="2143" text="Searching %d of %d "/>
<string id="2144" text="Printing %d of %d : %d "/>
<string id="2145" text="Converting files"/>
<string id="2146" text="The document is trying to connect to the site:\n\n%s\n\nIf you trust the site, click &quot;Yes&quot;, otherwise click &quot;No&quot;\n"/>
<string id="2147" text="Security Warning"/>
<string id="2148" text="Please press &apos;Download&apos; button to start."/>
<string id="2149" text="Update installing process finished,please press &apos;Done&apos; button to close the window."/>
<string id="2150" text="Fail to install."/>
<string id="2151" text="file error: not found or could not be opened."/>
<string id="2152" text="format error: not a PDF or corrupted."/>
<string id="2153" text="Invalid password. Please input again."/>
<string id="2154" text="This document is encrypted by some unsupported security handler. "/>
<string id="2155" text="Cannot open the file or file is not found!"/>
<string id="2156" text="Error"/>
<string id="2157" text="Cannot open the form data file or file is not found!"/>
<string id="2158" text="Export the form data to the following file:\n\n%s\n\nsuccessfully!"/>
<string id="2159" text="Information"/>
<string id="2160" text="Cannot export or access the form data!"/>
<string id="2161" text="Import the form data from the following file:\n\n%s\n\nsuccessfully!"/>
<string id="2162" text="Cannot import or access the form data!"/>
<string id="2163" text="Confirmation"/>
<string id="2164" text="This option will reset all the form fields to the default values.\nYou may lose some data. Are you sure?\n\nPress &quot;Yes&quot; button to accept, or &quot;No&quot; button to deny."/>
<string id="2165" text="Cannot reset or access the form data!"/>
<string id="2166" text="Forms"/>
<string id="2167" text="*Critical Update"/>
<string id="2168" text="At default position"/>
<string id="2169" text="Below field"/>
<string id="2170" text="Above field"/>
<string id="4000" text="Text Annotation"/>
<string id="4001" text="Text"/>
<string id="4002" text="&amp;Set CheckMark"/>
<string id="4003" text="&amp;Remove CheckMark"/>
<string id="4004" text="Note Tool"/>
<string id="4005" text="Note Type"/>
<string id="4006" text="Note Tool"/>
<string id="4007" text="Create note markup"/>
<string id="4008" text="Unknown"/>
<string id="4009" text="Comment"/>
<string id="4010" text="Key"/>
<string id="4011" text="Note"/>
<string id="4012" text="Help"/>
<string id="4013" text="New Paragraph"/>
<string id="4014" text="Paragraph"/>
<string id="4015" text="Insert"/>
<string id="6000" text="Pencil Tool"/>
<string id="6001" text="Rubber Tool"/>
<string id="6002" text="Arrow Tool"/>
<string id="6003" text="Line Tool"/>
<string id="6004" text="Square Tool"/>
<string id="6005" text="Circle Tool"/>
<string id="6006" text="Polygon Tool"/>
<string id="6007" text="Polygon Line Tool"/>
<string id="6008" text="Cloudy Tool"/>
<string id="6009" text="Dimension Tool"/>
<string id="6010" text="Rectangle Tool"/>
<string id="6011" text="Ellipse Tool"/>
<string id="6012" text="Arrow Tool"/>
<string id="6013" text="Create arrow line markup"/>
<string id="6014" text="Line Tool"/>
<string id="6015" text="Create line markup"/>
<string id="6016" text="Dimension Tool"/>
<string id="6017" text="Create dimensional line markup"/>
<string id="6018" text="Square Tool"/>
<string id="6019" text="Create square markup"/>
<string id="6020" text="Rectangle Tool"/>
<string id="6021" text="Create rectangle markup"/>
<string id="6022" text="Circle Tool"/>
<string id="6023" text="Create circle markup"/>
<string id="6024" text="Ellipse Tool"/>
<string id="6025" text="Create ellipse markup"/>
<string id="6026" text="Polygon Tool"/>
<string id="6027" text="Create polygon markup"/>
<string id="6028" text="Cloudy Tool"/>
<string id="6029" text="Create cloudy polygon markup"/>
<string id="6030" text="Polygon line Tool"/>
<string id="6031" text="Create polygon line markup"/>
<string id="6032" text="Pencil Tool"/>
<string id="6033" text="Scribble in freehand in current page"/>
<string id="6034" text="Pencil rubber Tool"/>
<string id="6035" text="Erase the path drawed by pencil tool"/>
<string id="8576" text="Highlight"/>
<string id="8577" text="Highlight Annotation"/>
<string id="8578" text="Highlight Annotation"/>
<string id="8579" text="Highlight Annotation Tool"/>
<string id="8580" text="Highlight Annotation Tool"/>
<string id="8581" text="Underline"/>
<string id="8582" text="Underline Annotation"/>
<string id="8583" text="Underline Annotation"/>
<string id="8584" text="Underline Annotation Tool"/>
<string id="8585" text="Underline Annotation Tool"/>
<string id="8586" text="Strikeout"/>
<string id="8587" text="Strikeout Annotation"/>
<string id="8588" text="Strikeout Annotation"/>
<string id="8589" text="Strikeout Annotation Tool"/>
<string id="8590" text="Strikeout Annotation Tool"/>
<string id="8600" text="Squiggly Annotation"/>
<string id="8601" text="Squiggly Annotation"/>
<string id="8602" text="Squiggly Annotation"/>
<string id="8603" text="Squiggly Annotation Tool"/>
<string id="8604" text="Squiggly Annotation Tool"/>
<string id="8605" text="Caret Annotation Tool"/>
<string id="8606" text="Caret Annotation Tool"/>
<string id="8607" text="Highlight Tool"/>
<string id="8608" text="Create highlight markup"/>
<string id="8609" text="Underline Tool"/>
<string id="8610" text="Create underline markup"/>
<string id="8611" text="Strikeout Tool"/>
<string id="8612" text="Create strikeout markup"/>
<string id="8613" text="Squiggly Tool"/>
<string id="8614" text="Create squiggly markup"/>
<string id="8615" text="Caret Tool"/>
<string id="8616" text="Create caret markup"/>
<string id="9000" text="Typewriter"/>
<string id="9001" text="Sorry, enter value nust between 0-32."/>
<string id="9002" text="Sorry, enter value nust between %.2f-%.2f."/>
<string id="10002" text="Length cannot be empty, please enter valid value!"/>
<string id="10003" text="Gap cannot be empty, please enter valid value!"/>
<string id="10004" text="There is no item selected!"/>
<string id="10005" text="Are you sure to delete this dash pattern item?"/>
<string id="10006" text="Error"/>
<string id="10007" text="Confirmation"/>
<string id="10008" text="Length"/>
<string id="10009" text="Gap"/>
<string id="10010" text="Annotation"/>
<string id="10011" text="Markup"/>
<string id="10012" text=" Properties"/>
<string id="10013" text="Text"/>
<string id="10014" text="Link"/>
<string id="10015" text="Free Text"/>
<string id="10016" text="Line"/>
<string id="10017" text="Square"/>
<string id="10018" text="Circle"/>
<string id="10019" text="Polygon"/>
<string id="10020" text="Polygon Line"/>
<string id="10021" text="Highlight"/>
<string id="10022" text="Underline"/>
<string id="10023" text="Squiggly"/>
<string id="10024" text="Strikeout"/>
<string id="10025" text="Stamp"/>
<string id="10026" text="Caret"/>
<string id="10027" text="Ink"/>
<string id="10028" text="Popup"/>
<string id="10029" text="File Attachment"/>
<string id="10030" text="Sound"/>
<string id="10031" text="Movie"/>
<string id="10032" text="Widget"/>
<string id="10033" text="Screen"/>
<string id="10034" text="Printer Mark"/>
<string id="10035" text="Trap Network"/>
<string id="10036" text="Watermark"/>
<string id="10037" text="3D"/>
<string id="10038" text="Note"/>
<string id="10039" text="Link"/>
<string id="10040" text="Text Box"/>
<string id="10041" text="Line"/>
<string id="10042" text="Rectangle"/>
<string id="10043" text="Oval"/>
<string id="10044" text="Polygon"/>
<string id="10045" text="Polygon Line"/>
<string id="10046" text="Highlight"/>
<string id="10047" text="Underline"/>
<string id="10048" text="Underline"/>
<string id="10049" text="Cross-out"/>
<string id="10050" text="Stamp"/>
<string id="10051" text="Insertion Caret"/>
<string id="10052" text="Pencil"/>
<string id="10053" text="Popup"/>
<string id="10054" text="File Attachment"/>
<string id="10055" text="Sound"/>
<string id="10056" text="Movie"/>
<string id="10057" text="Push Button"/>
<string id="10058" text="Check Box"/>
<string id="10059" text="Radio Button"/>
<string id="10060" text="Combo Box"/>
<string id="10061" text="List Box"/>
<string id="10062" text="Text Field"/>
<string id="10063" text="Widget"/>
<string id="10064" text="Multimedia"/>
<string id="10065" text="Printer Mark"/>
<string id="10066" text="Trap Network"/>
<string id="10067" text="Watermark"/>
<string id="10068" text="3D"/>
<string id="10069" text="Signature"/>
<string id="10070" text="Solid"/>
<string id="10071" text="Dashed"/>
<string id="10072" text="Beveled"/>
<string id="10073" text="Inset"/>
<string id="10074" text="Underline"/>
<string id="10075" text="Cloudy"/>
<string id="10076" text="Dashed 1\nDashed 2\nDashed 3\nDashed 4\nDashed 5\nDashed 6\nCustomized ..."/>
<string id="10077" text="Cloudy 1\nCloudy 2"/>
<string id="10078" text="Dashed &amp;pattern:"/>
<string id="10079" text="Cloudy &amp;pattern:"/>
<string id="10080" text="&amp;Lock the annotation"/>
<string id="10081" text="&amp;Close"/>
<string id="10082" text="Review history"/>
<string id="10083" text="Migration history"/>
<string id="10084" text="None\nOpen\nClosed\nOpen (Reverse)\nClosed (Reverse)\nButt\nDiamond\nRound\nSquare\nSlash"/>
<string id="10085" text="(not identical)"/>
<string id="10095" text="Note"/>
<string id="10096" text="Typewriter"/>
<string id="10097" text="Line"/>
<string id="10098" text="Rectangle"/>
<string id="10099" text="Ellipse"/>
<string id="10100" text="Polygon"/>
<string id="10101" text="Polygon Line"/>
<string id="10102" text="Highlight"/>
<string id="10103" text="Underline"/>
<string id="10104" text="Underline"/>
<string id="10105" text="Cross-out"/>
<string id="10106" text="Stamp"/>
<string id="10107" text="Inserted Text"/>
<string id="10108" text="Pencil"/>
<string id="10109" text="File Attachment"/>
<string id="10110" text="Sound Attachment"/>
<string id="10111" text="Markup"/>
<string id="10112" text="No Color"/>
<string id="10113" text="Other Color ..."/>
<string id="10114" text="Annotation Selection Tool"/>
<string id="10115" text="Annotation Selection Tool"/>
<string id="10116" text="Select any annotation"/>
<string id="10117" text="Rectangle Link Tool"/>
<string id="10118" text="Quadrilateral Link Tool"/>
<string id="10119" text="Rectangle Link Tool"/>
<string id="10120" text="Create rectangle link annotation"/>
<string id="10121" text="Quadrilateral Link Tool"/>
<string id="10122" text="Create quadrilateral link annotation"/>
<string id="10123" text="None"/>
<string id="10124" text="Invert"/>
<string id="10125" text="Outline"/>
<string id="10126" text="Inset"/>
<string id="10127" text="Enumerate all named positions in the current PDF document.\nThis may take your several minutes, please wait ..."/>
<string id="10128" text="Info"/>
<string id="10129" text="Appearance"/>
<string id="10130" text="General"/>
<string id="10131" text="Review History"/>
<string id="16640" text="Щелкните, чтобы узнать больше!\nЩелкните здесь"/>
<string id="32773" text="Спасибо за приобретение продукции Foxit Software!\nЗаказать"/>
<string id="32774" text="Посетить веб-страницу Foxit Software."/>
<string id="32775" text="Обратиться в службу поддержки Foxit Software."/>
<string id="32776" text="Показать свойства файла PDF\nСвойства"/>
<string id="32777" text="Первая страница\nПервая страница"/>
<string id="32778" text="Предыдущая страница\nПредыдущая страница"/>
<string id="32779" text="Следующая страница\nСледующая страница"/>
<string id="32780" text="Последняя страница\nПоследняя страница"/>
<string id="32782" text="Установить/Убрать закладку\nЗакладка"/>
<string id="32783" text="Полноэкранный режим\nПолный экран"/>
<string id="32784" text="Инструмент перелистывания страниц\nПерелистывание"/>
<string id="32785" text="Уменьшение масштаба\nУменьшить"/>
<string id="32786" text="Увеличение масштаба\nУвеличить"/>
<string id="32787" text="Увеличение\nУвеличить"/>
<string id="32788" text="Уменьшить\nУменьшить"/>
<string id="32789" text="Указать масштаб\nМасштаб..."/>
<string id="32790" text="Исходный размер\nИсходный размер"/>
<string id="32791" text="Страница целиком\nСтраница целиком  "/>
<string id="32792" text="По ширине страницы\nПо ширине страницы "/>
<string id="32793" text="Просмотр текста\nПросмотр текста"/>
<string id="32795" text="Закрыть все документы\nЗакрыть все"/>
<string id="32796" text="Просмотр текста\nПросмотр текста"/>
<string id="32802" text="Выбор нового шрифта для документа\nШрифт"/>
<string id="32862" text="Сохранение текущего документа под другими именем\nСохранить как"/>
<string id="32898" text="Отображение строки меню\nСтрока меню"/>
<string id="32925" text="Постраничный режим отображения\nПостранично"/>
<string id="32926" text="Непрерывный режим отображения\nНепрерывно"/>
<string id="32932" text="Сохранение текущего документа под другими именем\nСохранить как"/>
<string id="32935" text="Поворот по часовой стрелке\nПо часовой стрелке  "/>
<string id="32938" text="Режим отображения в виде разворота\nРазворот"/>
<string id="32939" text="Режим отображения в виде непрерывного разворота\nРазворот - непрерывно"/>
<string id="32941" text="Повернуть против часовой стрелки\nПротив часовой стрелки  "/>
<string id="32942" text="Отразить\nОтразить"/>
<string id="32977" text="Средство выделения текста\nВыделение текста"/>
<string id="32985" text="Настройки\nНастройки"/>
<string id="32987" text="Средство снимка документа\nСнимок"/>
<string id="33060" text="Полужирный\nПолужирный"/>
<string id="33061" text="Курсив\nКурсив"/>
<string id="33064" text="Настройки просмотра текста\nНастройки"/>
<string id="33066" text="Шрифт текста\nШрифт"/>
<string id="33069" text="Цвет\nЦвет"/>
<string id="33071" text="Шрифт PDF\nШрифт PDF"/>
<string id="33097" text="Предыдущий вид\nПредыдущий вид"/>
<string id="33098" text="Следующий вид\nСледующий вид"/>
<string id="33124" text="Highlight\nHighlight"/>
<string id="57344" text="Foxit Reader"/>
<string id="57345" text="Готовность"/>
<string id="57600" text="Создание нового документа\nСоздать"/>
<string id="57601" text="Открытие существующего документа\nОткрыть"/>
<string id="57602" text="Закрытие текущего документа\nЗакрыть"/>
<string id="57603" text="Сохранение текущего документа\nСохранить"/>
<string id="57604" text="Сохранение текущего документа под другими именем\nСохранить как"/>
<string id="57605" text="Изменение параметров печати\nНастройка печати"/>
<string id="57606" text="Изменение настроек принтера и печати\nПараметры страницы"/>
<string id="57607" text="Печать текущего документа\nПечать"/>
<string id="57609" text="Предварительный просмотр перед печатью документа\nПредварительный просмотр"/>
<string id="57616" text="Открытие документа"/>
<string id="57617" text="Открытие документа"/>
<string id="57618" text="Открытие документа"/>
<string id="57619" text="Открытие документа"/>
<string id="57620" text="Открытие документа"/>
<string id="57621" text="Открытие документа"/>
<string id="57622" text="Открытие документа"/>
<string id="57623" text="Открытие документа"/>
<string id="57624" text="Открытие документа"/>
<string id="57625" text="Открытие документа"/>
<string id="57626" text="Открытие документа"/>
<string id="57627" text="Открытие документа"/>
<string id="57628" text="Открытие документа"/>
<string id="57629" text="Открытие документа"/>
<string id="57630" text="Открытие документа"/>
<string id="57631" text="Открытие документа"/>
<string id="57632" text="Удаление выделенной области\nОчистить"/>
<string id="57633" text="Удаление всего\nОчистить все"/>
<string id="57634" text="Копирование выделения в буфер обмена\nКопировать"/>
<string id="57635" text="Удаление выделения в буфер обмена\nВырезать"/>
<string id="57636" text="Поиск заданного текста\nПоиск"/>
<string id="57637" text="Вставка содержимого буфера обмена\nВставить"/>
<string id="57640" text="Повтор последнего действия\nПовторить"/>
<string id="57641" text="Замена заданного текста другим\nЗаменить"/>
<string id="57642" text="Выделение всего документа\nВыделить все"/>
<string id="57643" text="Отмена последнего действия\nОтменить"/>
<string id="57644" text="Возврат ранее отмененного действия\nВернуть"/>
<string id="57648" text="Открытие нового окна с текущим документов\nНовое окно"/>
<string id="57649" text="Упорядочивание значков внизу окна\nУпорядочить значки"/>
<string id="57650" text="Выстраивание окон с перекрытием\nОкна каскадом"/>
<string id="57651" text="Выстраивание окон без перекрытия\nОкна плиткой"/>
<string id="57652" text="Выстраивание окон без перекрытия\nОкна плиткой"/>
<string id="57653" text="Разделение активного окна на области\nРазделить"/>
<string id="57664" text="Показ сведений о программе, номере версии и авторских правах\nО программе "/>
<string id="57665" text="Закрытие программы с запросом на сохранение документов\nВыход  "/>
<string id="57680" text="Переход в следующую область окна\nСледующая область"/>
<string id="57681" text="Переход в предыдущую область окна\nПредыдущая область"/>
<string id="59136" text="РАСШ"/>
<string id="59137" text="CAP"/>
<string id="59138" text="NUM"/>
<string id="59139" text="SCRL"/>
<string id="59140" text="ЗАМ"/>
<string id="59141" text="ЗАП"/>
<string id="59392" text="Отображение панели инструментов\nПанель инструментов"/>
<string id="59393" text="Отображение строки состояния\nСтрока состояния"/>
<string id="61184" text="Изменение размеров окна"/>
<string id="61185" text="Изменение положения окна"/>
<string id="61186" text="Свертывание окна в значок"/>
<string id="61187" text="Развертывание окна до максимального размера"/>
<string id="61188" text="Переход в окно следующего документа"/>
<string id="61189" text="Переход в окно предыдущего документа"/>
<string id="61190" text="Закрытие активного окна с запросом на сохранение документов"/>
<string id="61202" text="Восстановление обычного размера окна"/>
<string id="61203" text="Активизация списка задач"/>
<string id="61215" text="Активизация окна"/>
<string id="61445" text="Закрытие режима предварительного просмотра\nОтменить просмотр"/>
</Strings>
</Reader>
